attendee_id,first_name,last_name,email,phone_number
1,Edward,Mills,thomas43@example.net,(705)743-4221x942
2,Marie,Harris,paulballard@example.net,(463)602-1196x172
3,William,Wong,bhayes@example.org,979.468.7619
4,Tracy,Anderson,latasha65@example.org,001-618-643-8335x33247
5,Christopher,Reed,morganjasmine@example.net,474-398-1675
6,Anthony,Pitts,lauren19@example.org,+1-544-463-6583
7,Nicole,Barron,etaylor@example.net,465.369.7049x98493
8,David,Martin,castrocory@example.org,(362)992-6379x549
9,Jerry,Adams,smithmegan@example.org,001-474-682-3337
10,Mary,Gonzalez,michaelblake@example.net,(474)432-8808x1970
11,Samantha,Morgan,andrew91@example.com,477-230-0541x721
12,Ashley,Maddox,lauren16@example.org,6409494813
13,Ryan,Reed,hensonchristine@example.org,219.393.6346x09852
14,Christopher,Anderson,daniel65@example.com,913-266-4767x05025
15,Bobby,Richardson,thomasamy@example.com,643-726-9452
16,Maria,Dennis,jacksoncynthia@example.org,(250)312-0026x227
17,David,Rose,dawsonlori@example.net,440.345.4349x78241
18,Julie,Garcia,jamie10@example.com,(943)991-9167x2369
19,Tiffany,Mendoza,stacy94@example.org,(605)998-9275x4518
20,Mary,Carpenter,olivia85@example.net,516-676-0659x3472
21,Susan,Barnett,tsimon@example.net,+1-607-962-9133
22,Matthew,Sutton,barrettevan@example.net,454-885-9648x1951
23,Vincent,Hicks,terri97@example.com,6668994080
24,Mark,Flynn,charlesjohnson@example.org,261-970-8724x0789
25,Eric,Mullins,alexander87@example.org,001-306-453-7051
26,Jill,Parker,joseph67@example.net,+1-680-914-2159x2523
27,Alex,Harris,ryan49@example.com,(340)322-8177
28,Patrick,Pena,kmccarthy@example.org,511-474-8841
29,Sabrina,Parker,petersenjohn@example.com,(408)232-7375x997
30,Megan,Smith,bradjordan@example.org,9147868747
31,Robin,Gonzalez,nicholas53@example.org,3535522654
32,Matthew,Rodriguez,larrysalazar@example.org,(450)691-1704x1666
33,April,Jones,matthewkey@example.com,712-723-7606
34,Matthew,Mayer,katrinamosley@example.org,670.928.9003x4474
35,Michael,Boone,qbowers@example.org,989.790.8227
36,Kathy,Thompson,dfields@example.org,001-416-202-8083x32575
37,Charles,Byrd,kimberlybullock@example.com,794-468-6515x30993
38,Robert,Zavala,tmoore@example.org,(340)451-0710x19625
39,Daniel,Glenn,lance85@example.net,+1-552-864-8350
40,Alexander,Barker,shannon58@example.org,543-865-2336x44982
41,Paul,Robinson,josephsmith@example.com,+1-491-662-8637x08153
42,Christina,Brown,ycruz@example.com,+1-756-385-2460x0381
43,Paula,Livingston,robert60@example.org,386-887-6772x623
44,Michael,Swanson,wlopez@example.org,+1-775-407-6169x07051
45,Lawrence,Hernandez,william94@example.com,+1-799-899-4936x2483
46,Jessica,Whitney,benjaminsoto@example.com,980.612.8934
47,Lori,Owens,jessicapeterson@example.com,726.532.9265
48,Troy,Coffey,dylan58@example.com,(774)656-5156x76723
49,Mary,Cobb,aaronjohnson@example.org,4527685013
50,Rachel,Price,bryantchristina@example.com,7927616758
