feedback_id,event_id,attendee_id,rating,comments
1,10,6,5,Actually education enjoy some standard realize.
2,6,17,2,Magazine report parent impact song.
3,19,45,3,Amount likely information six individual assume free.
4,3,16,3,Five eat change crime part thing former thus.
5,6,4,3,Almost detail evidence instead movie.
6,17,50,1,None ball voice community year.
7,20,13,5,Something ever piece training certainly answer.
8,18,20,2,Owner physical huge machine several.
9,6,31,3,Company then ball represent.
10,10,19,4,Natural finish significant my.
11,4,33,5,Almost themselves their bank future so east simple.
12,9,27,1,Parent budget baby tough sign son effort.
13,7,40,1,Sense tough threat reflect act.
14,16,11,5,Development husband major those.
15,5,6,3,Hotel even rather quite.
16,7,16,5,However action support into example simple Congress operation.
17,13,4,5,Low instead degree much almost child good big.
18,13,14,3,Sing inside environmental factor capital.
19,11,11,5,Tonight professor better head agency.
20,13,40,1,Maintain question player rock.
21,7,47,1,Laugh despite color money eye.
22,3,29,3,Sign event despite move.
23,19,25,4,Anything college these environmental.
24,2,8,4,Rise certainly affect.
25,10,9,1,Center size cut spring raise amount consumer.
26,18,27,1,Must play cup stage out hear small.
27,1,50,5,List sometimes where water.
28,11,41,5,Film until kitchen mean yard security.
29,12,2,1,Marriage star center worry.
30,1,11,1,Always piece least however those high bill Mr.
31,13,29,3,Wall season probably.
32,15,32,4,Have speak if this rich program card.
33,4,47,3,Subject it American federal thought tend standard.
34,1,33,2,Mind receive dog involve customer professional.
35,7,13,2,Seat American quality option might old.
36,4,22,4,Movement middle treatment drug read modern majority.
37,10,35,4,Body common these best although investment.
38,7,45,1,They interest help win usually.
39,4,48,5,West street reduce the walk method wrong music.
40,1,12,2,Plant create four likely into assume.
41,5,29,1,Democrat available night chair expert back.
42,7,49,3,Provide along leg pretty close full social.
43,3,29,2,Address area nice official challenge present star.
44,15,22,2,Reveal community I experience important than management language.
45,2,15,5,American sing stage claim to song in.
46,11,50,2,Act participant financial ready piece create run magazine.
47,9,49,3,Must cultural action lay child mission picture result.
48,10,31,4,Social now air amount above edge key.
49,11,20,5,Charge civil various.
50,2,28,4,Plant federal compare her.
