speaker_id,name,bio,email,phone_number
1,Kimberly Giles,"Or answer black college most evidence. Middle trade board control. Hotel his growth who sea cell create.
Top human agreement center plant likely. Able wear prevent part sure whom prevent.",shelley31@example.org,001-270-579-6195x721
2,Heather Mason,"After discover close somebody ask. Professor really agency condition poor.
Exactly its who threat he. Total run out modern support.",jasmine15@example.org,558.442.3103x28603
3,Melissa Nelson,"Key season player west reason information beyond.
Source reveal interest increase will. Police good purpose high company expect she.",jrodriguez@example.net,+1-436-834-0011x6137
4,David Randolph,Stage senior discover nice around minute who. Late make story carry offer. Window somebody song poor build season manage hair.,markmeyer@example.com,(360)564-8640x1259
5,Denise Nash,Himself red strategy during material treatment though. Say just system parent red right fine trade.,bradley52@example.net,759-448-8590
6,Mary Roberts,Dream lawyer process line attorney yourself. Could because herself approach together art finally. Coach item chance admit easy. Size dinner certain offer bill evidence.,deanmelissa@example.net,001-495-361-1903x20866
7,Wendy Mills,"Land study eye million end. Range mouth same if outside available. None could quickly happy.
Entire lot common.",bensonfelicia@example.com,(908)320-7000x96750
8,Thomas Caldwell,"Necessary race fast minute Democrat computer stock.
Perhaps dark everybody yourself take crime trouble however. Throughout evening consider. Mission me beat with unit under.",kelly91@example.net,449-431-3980
9,Timothy Lee,"Many summer huge follow modern. Training consumer occur building.
Long hotel analysis risk. Public major full current amount just send.
Trade appear tell most ready.",hsanchez@example.net,(840)852-5828x7692
10,Alyssa Maddox,Unit door table same win player. Office feeling thus good call spring. Green possible poor impact million.,crystal80@example.org,960-934-1384
11,Sara Quinn,"Sister six plant final reduce. Sound art real most rest attention vote husband.
Work view affect manage no. Road rule industry skin hear. Sign film relate tend wind join.",rwall@example.net,(248)646-4835x586
12,Katherine Ortiz,"Once speak notice behind. Difficult morning new guess.
Sign amount out class actually. Military involve after use account field.",qfisher@example.net,(849)715-1162x82187
13,Ann Drake,"Enjoy either sing city brother stop chance. Before body cost.
Support eat seat early. Total beat situation stock class occur.
Whom sign account environmental. Set word positive front professor.",zdiaz@example.org,925.243.7136
14,Jamie Garza,Them responsibility professor method help. Room statement stay night order. Laugh less data customer several.,xlawrence@example.com,517-216-5968x2177
15,Christy Williams,Effect majority computer create both loss. Material future describe either shake audience. Science find beautiful cultural that.,hollandkaren@example.net,7158558593
16,Mary Powell,"Federal knowledge admit front network house. Marriage type benefit travel education brother hundred glass.
Article help size account. Air agreement leave cut glass week piece.",rodriguezkyle@example.org,407.336.9981x3669
17,Jonathan Morris,"Listen threat rather several. Give away light smile.
Believe Mrs spring. Entire through sport sense worker reflect dog. Theory statement future memory point artist push drive.",justinpineda@example.net,+1-621-530-2711
18,Gregory Lynn,Recent peace not financial become it. Ground pull price total while out. Drug message affect run.,holly83@example.org,451.461.8637x728
19,Victoria Conley,"Home everything minute house. Manage smile with well another our news. Game type easy employee area around.
Rate source season price fish image.",uyates@example.org,+1-512-962-2510x62445
20,Michele Parker,Nothing environmental south modern many Democrat professor president. Town community good list step laugh. Arrive feeling new consumer interesting.,mhunt@example.com,671-389-6273
